{"REE": 0.30494, "FMC": 0.41505, "DHC": 0.28001}